date,open,high,low,close,adj close,volume,rsi
2021-03-11,5024.56005859375,5138.41015625,5020.580078125,5128.22021484375,5128.22021484375,189600,48.946756938464986
2021-03-12,5153.669921875,5153.669921875,5086.81982421875,5146.3798828125,5146.3798828125,201000,48.946756938464986
2021-03-15,5116.1201171875,5120.8798828125,4992.39990234375,5035.5400390625,5035.5400390625,204200,48.946756938464986
2021-03-16,5054.41015625,5084.31005859375,5009.9501953125,5079.35986328125,5079.35986328125,161400,48.946756938464986
2021-03-17,5062.77001953125,5123.5498046875,5020.1298828125,5100.85986328125,5100.85986328125,149200,48.946756938464986
2021-03-18,5114.58984375,5160.4599609375,5111.1298828125,5141.77001953125,5141.77001953125,142900,48.946756938464986
2021-03-19,5068.52978515625,5089.919921875,4980.759765625,5007.08984375,5007.08984375,164200,48.946756938464986
2021-03-22,5008.39990234375,5071.33984375,4996.5400390625,5057.14990234375,5057.14990234375,167400,48.946756938464986
2021-03-23,5057.06005859375,5064.02001953125,4966.52978515625,5009.25,5009.25,158000,48.946756938464986
2021-03-24,4985.39990234375,5024.330078125,4919.89013671875,4928.68994140625,4928.68994140625,159400,48.946756938464986
2021-03-25,4904.06982421875,4950.759765625,4883.66015625,4926.35009765625,4926.35009765625,132900,48.946756938464986
2021-03-26,4953.9501953125,5050.830078125,4953.9501953125,5037.990234375,5037.990234375,145900,48.946756938464986
2021-03-29,5052.259765625,5086.64990234375,5010.39013671875,5046.8798828125,5046.8798828125,143400,48.946756938464986
2021-03-30,5043.10009765625,5106.0400390625,5032.7998046875,5094.72998046875,5094.72998046875,138600,48.946756938464986
2021-03-31,5085.9501953125,5085.9501953125,5015.60986328125,5048.35986328125,5048.35986328125,141300,46.16247394810946
2021-04-01,5059.93994140625,5115.43017578125,5056.8701171875,5110.77978515625,5110.77978515625,120300,50.26386514336746
2021-04-02,5129.85009765625,5169.830078125,5116.35009765625,5161.56005859375,5161.56005859375,127000,53.37568912461162
2021-04-06,5178.64013671875,5181.14990234375,5125.330078125,5140.33984375,5140.33984375,109800,51.913961066552446
2021-04-07,5141.66015625,5141.66015625,5065.18994140625,5103.740234375,5103.740234375,145800,49.40108575603808
2021-04-08,5078.259765625,5129.1298828125,5062.06982421875,5112.2099609375,5112.2099609375,141800,50.004197710870656
2021-04-09,5100.0400390625,5100.0400390625,5022.08984375,5035.33984375,5035.33984375,128400,44.786523825397545
2021-04-12,5026.97998046875,5045.60009765625,4933.009765625,4947.75,4947.75,152600,39.7028981009342
2021-04-13,4949.81005859375,4994.5400390625,4924.2001953125,4939.64013671875,4939.64013671875,132900,39.25856861026229
2021-04-14,4945.68994140625,4987.1201171875,4940.27001953125,4980.6298828125,4980.6298828125,120900,42.74622306602536
2021-04-15,4969.91015625,4969.91015625,4900.2998046875,4948.97021484375,4948.97021484375,108800,40.797724116347254
2021-04-16,4966.89990234375,4979.169921875,4917.9599609375,4966.18017578125,4966.18017578125,111200,42.336452611774924
2021-04-19,4966.41015625,5088.2099609375,4940.75,5087.02001953125,5087.02001953125,154800,51.80786442276365
2021-04-20,5065.77978515625,5119.85986328125,5058.919921875,5083.3701171875,5083.3701171875,136500,51.532536248955104
2021-04-21,5055.240234375,5110.56005859375,5047.990234375,5098.740234375,5098.740234375,124600,52.6731617392174
2021-04-22,5114.27978515625,5119.22021484375,5067.14013671875,5089.240234375,5089.240234375,121200,51.860774879583545
2021-04-23,5088.830078125,5149.97998046875,5086.490234375,5135.4501953125,5135.4501953125,122100,55.45932055389569
2021-04-26,5156.58984375,5181.10986328125,5072.9599609375,5077.240234375,5077.240234375,151400,50.35308977831209
2021-04-27,5076.64013671875,5095.97998046875,5042.60986328125,5090.52001953125,5090.52001953125,124000,51.45129120245087
2021-04-28,5073.97021484375,5119.4501953125,5059.259765625,5119.240234375,5119.240234375,120600,53.829946306810406
2021-04-29,5128.27978515625,5170.58984375,5113.64990234375,5164.169921875,5164.169921875,140100,57.35040385582708
2021-04-30,5156.35986328125,5163.25,5094.93017578125,5123.490234375,5123.490234375,160100,53.38160360335138
2021-05-06,5098.7998046875,5132.89990234375,5037.41015625,5061.1201171875,5061.1201171875,158800,47.90753515579498
2021-05-07,5073.4599609375,5093.75,4996.0400390625,4996.0498046875,4996.0498046875,172300,42.95810971725368
2021-05-10,5001.43994140625,5019.39013671875,4953.7001953125,4992.419921875,4992.419921875,170800,42.693135628307225
2021-05-11,4956.080078125,5033.490234375,4925.919921875,5023.06005859375,5023.06005859375,151500,45.73580250812355
2021-05-12,5003.81982421875,5051.169921875,4995.39990234375,5044.5498046875,5044.5498046875,126600,47.82803630522789
2021-05-13,4992.35009765625,5022.080078125,4975.4501953125,4992.97021484375,4992.97021484375,132300,43.4934108288152
2021-05-14,5007.6298828125,5112.97998046875,4981.2900390625,5110.58984375,5110.58984375,159400,53.780274701687595
2021-05-17,5115.31005859375,5206.68994140625,5115.31005859375,5184.990234375,5184.990234375,153900,58.8796899086012
2021-05-18,5190.93017578125,5201.669921875,5156.7900390625,5187.60009765625,5187.60009765625,118400,59.05036505112158
2021-05-19,5173.169921875,5193.56005859375,5151.64013671875,5172.27001953125,5172.27001953125,118700,57.53961662216917
2021-05-20,5167.0498046875,5201.58984375,5152.0400390625,5186.41015625,5186.41015625,138500,58.591938000362916
2021-05-21,5199.1298828125,5216.16015625,5123.1201171875,5134.14990234375,5134.14990234375,124800,53.33118065073584
2021-05-24,5138.81005859375,5155.58984375,5092.39013671875,5155.58984375,5155.58984375,126700,55.1118326214976
2021-05-25,5165.0400390625,5324.35986328125,5161.52001953125,5318.47998046875,5318.47998046875,183000,65.7912078870699
2021-05-26,5326.1201171875,5344.27978515625,5308.740234375,5320.58984375,5320.58984375,169600,65.90435853562468
2021-05-27,5311.3701171875,5378.47998046875,5286.0498046875,5338.22998046875,5338.22998046875,148500,66.89042288573881
2021-05-28,5338.72998046875,5360.27978515625,5288.64990234375,5321.08984375,5321.08984375,164600,64.92561767791898
2021-05-31,5318.080078125,5331.6298828125,5281.68994140625,5331.56982421875,5331.56982421875,144600,65.59113111756443
2021-06-01,5320.47021484375,5343.75,5269.259765625,5341.68017578125,5341.68017578125,143800,66.25632710153752
2021-06-02,5348.33984375,5352.64013671875,5266.7900390625,5289.97021484375,5289.97021484375,137800,59.88022475359586
2021-06-03,5285.7099609375,5314.3701171875,5255.06982421875,5255.2900390625,5255.2900390625,142000,55.98869771588761
2021-06-04,5228.27978515625,5334.490234375,5221.22998046875,5282.27978515625,5282.27978515625,144700,58.262065870041575
2021-06-07,5284.89013671875,5286.83984375,5242.9501953125,5277.6298828125,5277.6298828125,127700,57.708997528879905
2021-06-08,5276.97021484375,5319.0400390625,5201.14013671875,5232.1201171875,5232.1201171875,130600,52.46010670944055
2021-06-09,5224.9501953125,5253.35986328125,5215.35009765625,5236.4501953125,5236.4501953125,121800,52.89907110675673
2021-06-10,5236.47021484375,5299.52978515625,5229.52001953125,5271.47021484375,5271.47021484375,139000,56.405074784823675
2021-06-11,5275.75,5276.10009765625,5213.60009765625,5224.7001953125,5224.7001953125,180800,50.950428574015426
2021-06-15,5218.56005859375,5225.5,5137.41015625,5166.56005859375,5166.56005859375,142900,45.11036077149855
2021-06-16,5163.25,5164.52001953125,5076.02001953125,5080.490234375,5080.490234375,125100,38.14061021054002
2021-06-17,5074.3798828125,5123.3701171875,5073.81982421875,5101.89013671875,5101.89013671875,120500,40.59807341930831
2021-06-18,5104.93017578125,5128.02978515625,5064.919921875,5102.47021484375,5102.47021484375,148600,40.66688126331577
2021-06-21,5088.08984375,5123.77978515625,5058.56982421875,5090.39013671875,5090.39013671875,132200,39.637187254582784
2021-06-22,5106.06982421875,5125.81982421875,5086.27978515625,5122.16015625,5122.16015625,130400,43.676342878064666
2021-06-23,5127.18994140625,5171.02978515625,5109.759765625,5147.39013671875,5147.39013671875,136400,46.72513352563133
2021-06-24,5156.56005859375,5160.43017578125,5120.580078125,5155.97021484375,5155.97021484375,126700,47.760735389672355
2021-06-25,5159.7998046875,5251.60986328125,5157.47998046875,5239.97021484375,5239.97021484375,154900,56.646033755225574
2021-06-28,5253.60986328125,5260.64013671875,5226.22021484375,5251.759765625,5251.759765625,133200,57.73266571589045
2021-06-29,5248.52001953125,5248.52001953125,5182.68017578125,5190.5400390625,5190.5400390625,125200,50.635462623393096
2021-06-30,5189.3798828125,5231.43017578125,5186.6298828125,5224.0400390625,5224.0400390625,103800,53.97006523948957
2021-07-01,5241.2001953125,5252.259765625,5190.8798828125,5229.66015625,5229.66015625,127200,54.525056861971336
2021-07-02,5186.66015625,5186.66015625,5074.35986328125,5081.1201171875,5081.1201171875,130400,40.59384007439505
2021-07-05,5073.77978515625,5098.22998046875,5048.0,5085.7900390625,5085.7900390625,131200,41.10332863653357
2021-07-06,5089.77978515625,5092.2099609375,5028.509765625,5083.10009765625,5083.10009765625,140700,40.88581150421601
2021-07-07,5052.419921875,5152.77001953125,5045.41015625,5140.490234375,5140.490234375,148500,47.2942680948257
2021-07-08,5149.31005859375,5151.22021484375,5078.93017578125,5088.259765625,5088.259765625,173900,42.7518417766136
2021-07-09,5063.14990234375,5081.41015625,5006.41015625,5069.43994140625,5069.43994140625,160700,41.21574403949821
2021-07-12,5108.3798828125,5159.41015625,5070.31982421875,5132.7099609375,5132.7099609375,206200,47.982500980288364
2021-07-13,5128.60986328125,5154.0498046875,5114.93994140625,5142.10009765625,5142.10009765625,166500,48.92224587502147
2021-07-14,5130.75,5130.75,5075.1298828125,5083.080078125,5083.080078125,188400,43.5916481066773
2021-07-15,5073.259765625,5153.81005859375,5067.68017578125,5151.4599609375,5151.4599609375,181100,50.342629794166825
2021-07-16,5140.89990234375,5140.89990234375,5090.6298828125,5094.77001953125,5094.77001953125,170000,45.482678762191384
2021-07-19,5083.72998046875,5120.81982421875,5047.6201171875,5113.490234375,5113.490234375,153200,47.29218672098065
2021-07-20,5080.22021484375,5114.0,5067.85986328125,5108.990234375,5108.990234375,129300,46.88929709918836
2021-07-21,5122.77978515625,5160.5400390625,5122.2998046875,5144.0400390625,5144.0400390625,168000,50.4313995123989
2021-07-22,5150.39013671875,5171.2099609375,5137.8798828125,5151.75,5151.75,185600,51.20235479494721
2021-07-23,5145.43017578125,5145.43017578125,5080.0,5089.22998046875,5089.22998046875,216500,45.079509033478175
2021-07-26,5067.31005859375,5067.31005859375,4859.60009765625,4925.2998046875,4925.2998046875,228100,33.70011275486186
2021-07-27,4924.27978515625,4940.85986328125,4749.02978515625,4751.31005859375,4751.31005859375,236600,26.153941926591656
2021-07-28,4714.2900390625,4785.66015625,4663.89990234375,4760.47998046875,4760.47998046875,192600,27.080695903702207
2021-07-29,4845.759765625,4857.97021484375,4800.009765625,4850.27001953125,4850.27001953125,173300,35.60287796674358
2021-07-30,4825.7001953125,4825.7001953125,4761.0400390625,4811.169921875,4811.169921875,182400,33.752951713475795
2021-08-02,4794.81982421875,4938.81982421875,4761.4599609375,4933.740234375,4933.740234375,227200,43.63933712511301
2021-08-03,4909.22998046875,4957.02978515625,4890.85009765625,4934.4599609375,4934.4599609375,203500,43.692475022260574
2021-08-04,4927.740234375,4979.2900390625,4919.66015625,4978.85009765625,4978.85009765625,175500,47.010802538650445
2021-08-05,4946.169921875,4997.14013671875,4921.93994140625,4948.669921875,4948.669921875,167400,45.0662306164578
2021-08-06,4943.0400390625,4944.35009765625,4891.7998046875,4921.56005859375,4921.56005859375,154200,43.33231298584604
2021-08-09,4890.259765625,5002.89013671875,4884.0400390625,4985.56005859375,4985.56005859375,182400,48.38148391598783
2021-08-10,4977.81982421875,5043.759765625,4941.240234375,5043.14990234375,5043.14990234375,167100,52.48421546072755
2021-08-11,5037.080078125,5059.7900390625,5009.97998046875,5015.33984375,5015.33984375,182300,50.40093903140649
2021-08-12,4998.06982421875,5016.259765625,4962.97998046875,4973.35009765625,4973.35009765625,168200,47.34517414073688
2021-08-13,4958.759765625,4993.740234375,4921.27978515625,4945.97998046875,4945.97998046875,158300,45.41243095360195
2021-08-16,4935.919921875,4973.3798828125,4931.3701171875,4941.06982421875,4941.06982421875,162000,45.05707404965867
2021-08-17,4935.0,4967.56005859375,4823.39013671875,4837.39990234375,4837.39990234375,187600,38.25128906188658
2021-08-18,4838.47021484375,4909.5400390625,4818.89990234375,4894.240234375,4894.240234375,197500,43.3075447012511
2021-08-19,4886.56005859375,4893.47021484375,4839.56982421875,4862.14013671875,4862.14013671875,201700,41.25311040021216
2021-08-20,4817.490234375,4835.14990234375,4720.830078125,4769.27001953125,4769.27001953125,177600,35.94093517978628
2021-08-23,4777.72998046875,4843.81982421875,4764.009765625,4835.8798828125,4835.8798828125,167600,41.736059754945835
2021-08-24,4844.58984375,4906.2001953125,4842.75,4888.39013671875,4888.39013671875,197900,45.89168566776735
2021-08-25,4890.52001953125,4899.77001953125,4865.759765625,4898.16015625,4898.16015625,189400,46.65406986050299
2021-08-26,4892.2001953125,4892.2001953125,4798.7001953125,4801.60986328125,4801.60986328125,197600,40.570444129030925
2021-08-27,4794.97021484375,4863.47021484375,4793.58984375,4827.0400390625,4827.0400390625,183300,42.690183283645084
2021-08-30,4847.02978515625,4849.16015625,4787.2001953125,4813.27001953125,4813.27001953125,219600,41.820347142864726
2021-08-31,4803.08984375,4821.759765625,4740.75,4805.60986328125,4805.60986328125,235100,41.316016190239765
2021-09-01,4804.68994140625,4906.39990234375,4763.2998046875,4869.4599609375,4869.4599609375,326700,47.04816701239895
2021-09-02,4865.81982421875,4892.7001953125,4845.6201171875,4869.41015625,4869.41015625,267900,47.04430691349939
2021-09-03,4875.06982421875,4886.5498046875,4828.7001953125,4843.06005859375,4843.06005859375,268100,44.94334671083621
2021-09-06,4841.06005859375,4944.4501953125,4837.7900390625,4933.72998046875,4933.72998046875,240500,52.76101138085669
2021-09-07,4932.97998046875,5005.9599609375,4915.60986328125,4992.830078125,4992.830078125,244200,57.04268893656185
2021-09-08,4986.7998046875,5013.97998046875,4955.89013671875,4972.1298828125,4972.1298828125,264600,55.15693752939238
2021-09-09,4952.490234375,4970.14990234375,4929.9501953125,4970.009765625,4970.009765625,256500,54.95654846983355
2021-09-10,4967.97998046875,5042.7998046875,4962.3701171875,5013.52001953125,5013.52001953125,288300,58.304502288136995
2021-09-13,5006.77001953125,5029.72021484375,4964.9599609375,4991.66015625,4991.66015625,249900,56.05043292833403
2021-09-14,4989.830078125,5000.97998046875,4907.31982421875,4917.16015625,4917.16015625,245600,49.08557052366298
2021-09-15,4903.85009765625,4903.85009765625,4843.1201171875,4867.31982421875,4867.31982421875,188000,45.05227850149937
2021-09-16,4866.7900390625,4879.52978515625,4806.14013671875,4807.7001953125,4807.7001953125,216800,40.73988262075012
2021-09-17,4797.10986328125,4857.9599609375,4786.08984375,4855.93994140625,4855.93994140625,202000,45.302070609592576
2021-09-22,4770.72998046875,4830.85009765625,4765.22998046875,4821.77001953125,4821.77001953125,191200,42.78920893363212
2021-09-23,4848.22021484375,4877.33984375,4837.56005859375,4853.2001953125,4853.2001953125,228200,45.76899893772914
2021-09-24,4845.64013671875,4897.06005859375,4838.5400390625,4849.43017578125,4849.43017578125,207700,45.46312080934894
2021-09-27,4870.85009765625,4922.56005859375,4852.2001953125,4877.3701171875,4877.3701171875,216000,48.22475256420746
2021-09-28,4869.080078125,4901.31005859375,4846.6298828125,4883.830078125,4883.830078125,176900,48.86943400814005
2021-09-29,4846.02001953125,4868.06982421875,4799.8798828125,4833.93017578125,4833.93017578125,188200,44.28262332980582
2021-09-30,4843.9501953125,4876.06982421875,4843.9501953125,4866.3798828125,4866.3798828125,146100,47.719092047399215
2021-10-08,4915.72998046875,4937.08984375,4891.6201171875,4929.93994140625,4929.93994140625,169000,53.73783602768803
2021-10-11,4941.2900390625,4983.72998046875,4930.7099609375,4936.18994140625,4936.18994140625,163500,54.29503022720138
2021-10-12,4920.66015625,4925.490234375,4840.77001953125,4883.83984375,4883.83984375,168100,48.974302179722955
2021-10-13,4880.14013671875,4953.3701171875,4869.830078125,4940.10986328125,4940.10986328125,131100,54.17280744559293
2021-10-14,4934.259765625,4953.919921875,4903.25,4913.60986328125,4913.60986328125,119600,51.511195970977504
2021-10-15,4896.56005859375,4939.81982421875,4881.009765625,4932.10986328125,4932.10986328125,142800,53.23847507979323
2021-10-18,4922.509765625,4922.509765625,4844.93994140625,4874.77978515625,4874.77978515625,141200,47.58184458339851
2021-10-19,4869.39013671875,4928.14013671875,4868.81005859375,4922.72021484375,4922.72021484375,135300,52.15939309668595
2021-10-20,4926.77001953125,4944.02001953125,4898.3701171875,4910.18017578125,4910.18017578125,141500,50.90708524478436
2021-10-21,4914.740234375,4946.18017578125,4893.85009765625,4928.02001953125,4928.02001953125,148900,52.648836256604895
2021-10-22,4934.8701171875,4989.89013671875,4934.8701171875,4959.72998046875,4959.72998046875,143900,55.660116309172956
2021-10-25,4940.89990234375,4981.64990234375,4930.10986328125,4979.52001953125,4979.52001953125,141900,57.4776135013112
2021-10-26,4983.240234375,5002.56982421875,4953.47998046875,4963.10009765625,4963.10009765625,140900,55.44682362733915
2021-10-27,4949.22998046875,4949.22998046875,4884.93994140625,4898.16015625,4898.16015625,147100,48.19432503456704
2021-10-28,4882.58984375,4898.66015625,4846.27978515625,4864.14013671875,4864.14013671875,156600,44.88230124722455
2021-10-29,4861.27001953125,4908.77001953125,4855.759765625,4908.77001953125,4908.77001953125,159900,49.76008263894924
2021-11-01,4878.1298828125,4908.2099609375,4858.25,4890.68994140625,4890.68994140625,171600,47.91030538620678
2021-11-02,4886.18017578125,4911.22998046875,4797.89990234375,4839.85009765625,4839.85009765625,185400,43.062690707261005
2021-11-03,4835.81005859375,4858.7099609375,4804.3701171875,4821.10986328125,4821.10986328125,142800,41.39983981485559
2021-11-04,4841.08984375,4873.93994140625,4834.740234375,4868.740234375,4868.740234375,132600,47.00141360956085
2021-11-05,4858.89990234375,4889.68017578125,4841.740234375,4842.35009765625,4842.35009765625,147800,44.4652660843709
2021-11-08,4841.14990234375,4866.080078125,4827.68994140625,4848.18017578125,4848.18017578125,137400,45.16915791685188
2021-11-09,4858.25,4870.7900390625,4818.5400390625,4846.740234375,4846.740234375,118400,45.01739114979939
2021-11-10,4832.7998046875,4832.7998046875,4754.0,4821.18994140625,4821.18994140625,135100,42.301418648279125
2021-11-11,4814.77001953125,4898.64990234375,4809.10986328125,4898.64990234375,4898.64990234375,160500,51.796335632969665
2021-11-12,4902.93017578125,4909.080078125,4875.35009765625,4888.3701171875,4888.3701171875,132700,50.60613372143003
2021-11-15,4894.41015625,4906.330078125,4863.39990234375,4882.3798828125,4882.3798828125,121800,49.886765230260984
2021-11-16,4880.89990234375,4915.3701171875,4876.5,4883.31982421875,4883.31982421875,127300,50.00685344117096
2021-11-17,4883.25,4891.52001953125,4864.52001953125,4885.75,4885.75,108500,50.338207215187744
2021-11-18,4871.419921875,4871.419921875,4830.41015625,4837.6201171875,4837.6201171875,114500,44.10349697008772
2021-11-19,4832.06005859375,4892.81005859375,4829.56982421875,4890.06005859375,4890.06005859375,127200,51.196092623886415
2021-11-22,4895.39013671875,4919.0,4893.27001953125,4912.39990234375,4912.39990234375,138100,53.88084667023061
2021-11-23,4905.759765625,4927.52001953125,4896.8798828125,4913.35009765625,4913.35009765625,154300,53.99676595982756
2021-11-24,4914.02978515625,4935.490234375,4899.60986328125,4916.66015625,4916.66015625,137200,54.42649460204864
2021-11-25,4917.60986328125,4921.330078125,4891.72998046875,4896.43994140625,4896.43994140625,116000,51.27547983754702
2021-11-26,4886.9501953125,4886.9501953125,4850.81005859375,4860.1298828125,4860.1298828125,120400,46.11266912459478
2021-11-29,4820.009765625,4858.52978515625,4818.7099609375,4851.419921875,4851.419921875,133600,44.94365751902132
2021-11-30,4857.18017578125,4871.25,4810.22021484375,4832.02978515625,4832.02978515625,129600,42.36857155793189
2021-12-01,4831.89013671875,4844.52001953125,4823.93017578125,4843.85009765625,4843.85009765625,123100,44.4577686481351
2021-12-02,4839.91015625,4866.85009765625,4830.31982421875,4856.16015625,4856.16015625,148100,46.627727833602606
2021-12-03,4856.97998046875,4901.02001953125,4853.35009765625,4901.02001953125,4901.02001953125,144100,53.72309758982782
2021-12-06,4909.43017578125,4943.89990234375,4888.68994140625,4892.6201171875,4892.6201171875,173600,52.32050279109378
2021-12-07,4930.830078125,4934.10009765625,4895.22021484375,4922.10009765625,4922.10009765625,179100,56.6027436405984
2021-12-08,4934.41015625,4995.93017578125,4915.7900390625,4995.93017578125,4995.93017578125,157500,65.06507548825519
2021-12-09,5000.68994140625,5114.5,4999.41015625,5078.68994140625,5078.68994140625,220600,71.7216705157206
2021-12-10,5046.27001953125,5060.06005859375,5035.81005859375,5055.1201171875,5055.1201171875,193700,67.7616444981235
2021-12-13,5090.02001953125,5143.83984375,5079.72998046875,5083.7998046875,5083.7998046875,211800,69.93677801768753
2021-12-14,5066.35009765625,5075.2099609375,5038.85986328125,5049.7001953125,5049.7001953125,159100,64.37527931900641
2021-12-15,5036.27978515625,5060.3701171875,5003.77978515625,5005.89990234375,5005.89990234375,150500,57.995669994149935
2021-12-16,5006.60986328125,5034.72998046875,4987.22021484375,5034.72998046875,5034.72998046875,144100,60.752680646805615
2021-12-17,5021.33984375,5022.10986328125,4954.759765625,4954.759765625,4954.759765625,149000,50.79357594725663
2021-12-20,4934.97021484375,4971.669921875,4872.68017578125,4880.419921875,4880.419921875,169700,43.63299949173552
2021-12-21,4876.509765625,4917.7998046875,4872.9501953125,4913.490234375,4913.490234375,143300,47.19900986453567
2021-12-22,4924.580078125,4936.669921875,4903.169921875,4914.4501953125,4914.4501953125,133300,47.303227601611184
2021-12-23,4924.2900390625,4948.740234375,4906.75,4948.740234375,4948.740234375,139600,51.02200097389794
2021-12-24,4953.06005859375,4964.91015625,4905.97998046875,4921.33984375,4921.33984375,142700,48.10092671378763
2021-12-27,4918.14990234375,4939.68994140625,4894.16015625,4919.31982421875,4919.31982421875,124100,47.88327980717169
2021-12-28,4923.68994140625,4959.14013671875,4913.60009765625,4955.9599609375,4955.9599609375,130500,52.11560706657788
2021-12-29,4958.64990234375,4958.64990234375,4883.47998046875,4883.47998046875,4883.47998046875,113600,44.42930647950155
2021-12-30,4882.16015625,4940.18017578125,4878.64990234375,4921.509765625,4921.509765625,121600,48.70416871364797
2021-12-31,4937.4599609375,4950.35986328125,4923.14013671875,4940.3701171875,4940.3701171875,121300,50.7285049181822
2022-01-04,4957.97998046875,4961.4501953125,4874.52978515625,4917.77001953125,4917.77001953125,151500,48.270258527258505
2022-01-05,4907.93017578125,4916.27978515625,4851.97998046875,4868.1201171875,4868.1201171875,178800,43.3053867683025
2022-01-06,4842.16015625,4857.56005859375,4786.43017578125,4818.22998046875,4818.22998046875,157700,38.96809565938165
2022-01-07,4824.31982421875,4856.64990234375,4818.18994140625,4822.3701171875,4822.3701171875,187100,39.50953306916116
2022-01-10,4812.22998046875,4844.39013671875,4780.81982421875,4844.0498046875,4844.0498046875,156200,42.391575399535014
2022-01-11,4840.009765625,4850.8798828125,4791.89013671875,4797.77001953125,4797.77001953125,146900,38.20675719234492
2022-01-12,4818.89013671875,4852.72998046875,4810.919921875,4845.580078125,4845.580078125,143200,44.32174100810018
2022-01-13,4853.02978515625,4853.06005859375,4765.240234375,4765.919921875,4765.919921875,142500,37.63842066308709
2022-01-14,4743.91015625,4764.0498046875,4723.93994140625,4726.72998046875,4726.72998046875,146900,34.85393238156355
2022-01-17,4728.759765625,4775.240234375,4726.7099609375,4767.27978515625,4767.27978515625,115300,39.815273941375914
2022-01-18,4766.77978515625,4826.2998046875,4747.919921875,4813.35009765625,4813.35009765625,150900,44.9453305263105
2022-01-19,4815.81005859375,4828.75,4755.93017578125,4780.3798828125,4780.3798828125,133900,42.174732584356384
2022-01-20,4778.259765625,4845.0,4777.56982421875,4823.509765625,4823.509765625,165000,46.79515121426781
2022-01-21,4808.77001953125,4818.31005859375,4762.56005859375,4779.31005859375,4779.31005859375,139000,43.00297929942227
2022-01-24,4753.93994140625,4801.10009765625,4746.4501953125,4786.740234375,4786.740234375,114500,43.827076746375305
2022-01-25,4761.9501953125,4781.39013671875,4678.25,4678.4501953125,4678.4501953125,133700,35.72079590291666
2022-01-26,4697.10009765625,4718.990234375,4648.1298828125,4712.31005859375,4712.31005859375,107100,39.48949359957553
2022-01-27,4708.10009765625,4708.43994140625,4616.02978515625,4619.8798828125,4619.8798828125,121300,33.68378811981377
2022-01-28,4641.81005859375,4660.52001953125,4559.830078125,4563.77001953125,4563.77001953125,126500,30.730206172379795
2022-02-07,4638.580078125,4672.64990234375,4615.009765625,4634.08984375,4634.08984375,144900,38.06046467385876
2022-02-08,4626.43994140625,4626.43994140625,4522.47021484375,4608.77001953125,4608.77001953125,155800,36.5602541934284
2022-02-09,4608.14990234375,4659.4599609375,4595.27978515625,4652.06005859375,4652.06005859375,148300,40.85288602930261
2022-02-10,4657.2099609375,4657.2099609375,4608.08984375,4639.85986328125,4639.85986328125,151600,40.03079499450635
2022-02-11,4617.8701171875,4662.60009765625,4595.8798828125,4601.39990234375,4601.39990234375,156000,37.47092272230946
2022-02-14,4579.419921875,4593.6298828125,4530.06005859375,4551.68994140625,4551.68994140625,143700,34.40821540638336
2022-02-15,4553.81005859375,4601.4501953125,4550.5400390625,4600.10009765625,4600.10009765625,115000,39.586905648219236
2022-02-16,4619.85009765625,4643.10009765625,4607.22021484375,4617.990234375,4617.990234375,107300,41.427368608127125
2022-02-17,4616.89990234375,4650.16015625,4606.9501953125,4629.16015625,4629.16015625,110000,42.60309332273183
2022-02-18,4604.56982421875,4651.33984375,4598.10009765625,4651.240234375,4651.240234375,104600,44.955227782818966
2022-02-21,4646.0498046875,4646.669921875,4613.2998046875,4634.31005859375,4634.31005859375,112500,43.483774634790294
2022-02-22,4601.919921875,4602.06982421875,4550.7998046875,4574.14990234375,4574.14990234375,123300,38.643451885540394
2022-02-23,4582.009765625,4625.2998046875,4579.2900390625,4623.0498046875,4623.0498046875,123000,44.09113091954704
2022-02-24,4592.06982421875,4610.8798828125,4488.47998046875,4529.31982421875,4529.31982421875,184400,37.26191316173279
2022-02-25,4564.6298828125,4611.85986328125,4561.89990234375,4573.419921875,4573.419921875,149700,41.82736890832588
2022-02-28,4563.740234375,4581.64990234375,4530.68017578125,4581.64990234375,4581.64990234375,135400,42.66588217415754
2022-03-01,4597.85009765625,4623.43017578125,4583.919921875,4619.68994140625,4619.68994140625,123100,46.50417375592039
2022-03-02,4594.02001953125,4594.02001953125,4558.43994140625,4578.60009765625,4578.60009765625,113300,43.14427476783685
2022-03-03,4595.02001953125,4599.39990234375,4544.43017578125,4551.6298828125,4551.6298828125,138300,41.04794175616103
2022-03-04,4513.35986328125,4539.39013671875,4481.490234375,4496.43017578125,4496.43017578125,127300,37.07712206338587
2022-03-07,4462.52001953125,4462.52001953125,4338.2998046875,4352.77978515625,4352.77978515625,162200,29.169119187455834
2022-03-08,4361.64013671875,4383.64990234375,4252.5400390625,4265.39013671875,4265.39013671875,167900,25.592943082777524
2022-03-09,4280.97998046875,4304.47998046875,4068.18994140625,4226.35009765625,4226.35009765625,194200,24.167461681456743
2022-03-10,4326.2001953125,4335.669921875,4288.509765625,4292.83984375,4292.83984375,145300,31.19628059964306
2022-03-11,4231.2001953125,4316.0400390625,4176.4501953125,4306.52001953125,4306.52001953125,152400,32.58090308221999
2022-03-14,4248.14990234375,4280.35986328125,4174.759765625,4174.759765625,4174.759765625,130200,26.954528621671855
2022-03-15,4125.490234375,4163.419921875,3983.81005859375,3983.81005859375,3983.81005859375,202500,21.23212762367004
2022-03-16,4053.10009765625,4168.58984375,3942.860107421875,4156.080078125,4156.080078125,196000,34.700928758907
2022-03-17,4237.669921875,4302.740234375,4217.7998046875,4237.7001953125,4237.7001953125,179400,39.94092149316655
2022-03-18,4218.47021484375,4283.3701171875,4194.93994140625,4265.89990234375,4265.89990234375,149500,41.682155770175555
2022-03-21,4280.14013671875,4287.81982421875,4223.02001953125,4258.75,4258.75,127000,41.35478155407776
2022-03-22,4252.56982421875,4283.330078125,4236.68994140625,4255.2998046875,4255.2998046875,126400,41.18667706620866
2022-03-23,4269.60986328125,4287.580078125,4241.9599609375,4276.52001953125,4276.52001953125,117100,42.72866737634905
2022-03-24,4249.52978515625,4273.9599609375,4216.85009765625,4251.31005859375,4251.31005859375,108900,41.34190054884717
2022-03-25,4249.06982421875,4254.83984375,4173.93017578125,4174.56982421875,4174.56982421875,108800,37.366324138951306
2022-03-28,4128.83984375,4174.1201171875,4091.300048828125,4148.47021484375,4148.47021484375,118400,36.095011340322806
2022-03-29,4155.419921875,4177.2099609375,4124.72021484375,4134.14013671875,4134.14013671875,100300,35.3831944073042
2022-03-30,4162.169921875,4254.10009765625,4160.740234375,4254.10009765625,4254.10009765625,138300,45.13698150243579
2022-03-31,4234.72021484375,4247.35986328125,4214.5400390625,4222.60009765625,4222.60009765625,134000,43.289136124797594
2022-04-01,4198.81982421875,4290.669921875,4190.080078125,4276.16015625,4276.16015625,133800,47.24390349564983
2022-04-06,4258.830078125,4277.52001953125,4236.72998046875,4263.83984375,4263.83984375,159100,46.44162082538326
2022-04-07,4240.02001953125,4278.10986328125,4205.740234375,4209.10009765625,4209.10009765625,134900,42.95160963250626
2022-04-08,4213.2099609375,4237.81005859375,4175.52978515625,4230.77001953125,4230.77001953125,142800,44.722560923743096
2022-04-11,4203.7900390625,4203.7900390625,4089.090087890625,4100.06982421875,4100.06982421875,148200,37.21807852434667
2022-04-12,4102.97021484375,4179.97021484375,4075.800048828125,4179.97021484375,4179.97021484375,144300,43.46374081320572
2022-04-13,4154.41015625,4194.0400390625,4139.740234375,4139.740234375,4139.740234375,125100,41.239203156313046
2022-04-14,4172.64013671875,4217.06005859375,4155.5498046875,4191.56982421875,4191.56982421875,124800,45.13520416601908
2022-04-15,4162.3701171875,4211.31982421875,4152.97021484375,4188.75,4188.75,124800,44.96054479300566
2022-04-18,4152.93017578125,4171.740234375,4119.990234375,4166.3798828125,4166.3798828125,117500,43.521702266366866
2022-04-19,4161.93017578125,4186.93994140625,4115.419921875,4134.89990234375,4134.89990234375,110200,41.50857866086283
2022-04-20,4130.5400390625,4136.169921875,4060.5,4070.7900390625,4070.7900390625,117300,37.68549444158255
2022-04-21,4048.72998046875,4086.43994140625,3978.3701171875,3995.830078125,3995.830078125,132800,33.7691141604067
2022-04-22,3967.199951171875,4037.080078125,3953.719970703125,4013.25,4013.25,122100,35.448002670124254
2022-04-25,3933.449951171875,3958.2099609375,3814.909912109375,3814.909912109375,3814.909912109375,168400,27.04259711322638
2022-04-26,3822.489990234375,3871.85009765625,3773.89990234375,3784.1201171875,3784.1201171875,157600,26.01146869584248
2022-04-27,3758.080078125,3895.72998046875,3757.090087890625,3895.5400390625,3895.5400390625,172700,35.58346370702046
2022-04-28,3883.419921875,3943.429931640625,3873.580078125,3921.110107421875,3921.110107421875,153100,37.57927995546042
2022-04-29,3939.6201171875,4017.429931640625,3898.570068359375,4016.239990234375,4016.239990234375,179500,44.4722023642472
2022-05-05,3995.35009765625,4039.699951171875,3988.929931640625,4010.2099609375,4010.2099609375,154200,44.13947469346549
2022-05-06,3928.85009765625,3947.239990234375,3902.050048828125,3908.820068359375,3908.820068359375,123000,38.87312534148515
2022-05-09,3883.949951171875,3914.110107421875,3854.93994140625,3877.43994140625,3877.43994140625,92900,37.38636666133411
2022-05-10,3820.6298828125,3932.679931640625,3808.570068359375,3919.8701171875,3919.8701171875,136400,40.689509524660316
2022-05-11,3917.929931640625,4033.300048828125,3916.52001953125,3976.419921875,3976.419921875,165600,44.86427875313178
2022-05-12,3949.949951171875,3985.929931640625,3935.590087890625,3958.739990234375,3958.739990234375,113400,43.82564266794995
2022-05-13,3983.820068359375,4003.85009765625,3957.139892578125,3988.60009765625,3988.60009765625,110000,46.09542299191532
2022-05-16,4015.0,4018.030029296875,3947.75,3956.5400390625,3956.5400390625,112400,44.037966770028504
2022-05-17,3961.760009765625,4005.889892578125,3955.10009765625,4005.889892578125,4005.889892578125,109700,47.89338832737975
2022-05-18,4015.010009765625,4017.340087890625,3964.75,3991.909912109375,3991.909912109375,108100,46.90750371526075
2022-05-19,3938.300048828125,3999.60009765625,3933.75,3999.60009765625,3999.60009765625,116300,47.54714224532669
2022-05-20,4020.820068359375,4077.60009765625,4020.820068359375,4077.60009765625,4077.60009765625,147100,53.64702579788672
2022-05-23,4080.969970703125,4080.969970703125,4029.080078125,4053.97998046875,4053.97998046875,130500,51.68680842252576
2022-05-24,4052.8701171875,4055.780029296875,3959.14990234375,3959.14990234375,3959.14990234375,145600,44.63524731078372
2022-05-25,3959.77001953125,3983.6201171875,3946.81005859375,3983.179931640625,3983.179931640625,107700,46.62251574583719
2022-05-26,3987.679931640625,4015.75,3938.239990234375,3993.0400390625,3993.0400390625,126300,47.45592619410251
2022-05-27,4022.7099609375,4051.139892578125,3983.3798828125,4001.300048828125,4001.300048828125,112800,48.1857758986574
2022-05-30,4020.860107421875,4040.820068359375,4003.3798828125,4029.02001953125,4029.02001953125,111200,50.66253309232697
2022-05-31,4031.760009765625,4096.2001953125,4020.3798828125,4091.52001953125,4091.52001953125,135400,55.793428922172666
2022-06-01,4086.6201171875,4094.89990234375,4058.85009765625,4083.179931640625,4083.179931640625,114900,54.97188223218679
2022-06-02,4064.0,4091.14990234375,4057.909912109375,4089.570068359375,4089.570068359375,113900,55.51240295863187
2022-06-06,4090.530029296875,4166.6201171875,4063.909912109375,4166.08984375,4166.08984375,167900,61.475998357799845
2022-06-07,4165.68994140625,4198.08984375,4155.169921875,4179.1298828125,4179.1298828125,143000,62.40098524608875
2022-06-08,4187.14990234375,4224.81005859375,4158.02978515625,4219.81005859375,4219.81005859375,157400,65.20756638974686
2022-06-09,4211.72021484375,4227.4501953125,4160.8798828125,4175.669921875,4175.669921875,168400,59.97619464901947
2022-06-10,4145.64990234375,4241.35009765625,4140.22021484375,4238.990234375,4238.990234375,184800,64.38973276486686
2022-06-13,4194.4599609375,4218.22998046875,4156.7099609375,4189.35009765625,4189.35009765625,168500,58.90569552954379
2022-06-14,4143.22021484375,4224.08984375,4102.93017578125,4222.31005859375,4222.31005859375,171400,61.26470171485742
2022-06-15,4228.2900390625,4348.419921875,4228.2900390625,4278.22021484375,4278.22021484375,257000,64.94119100068025
2022-06-16,4282.080078125,4302.919921875,4241.080078125,4250.06005859375,4250.06005859375,184100,61.76158108291164
2022-06-17,4219.22998046875,4318.77001953125,4218.68017578125,4309.0400390625,4309.0400390625,158600,65.56447767404724
2022-06-20,4322.830078125,4368.35986328125,4297.89013671875,4330.43017578125,4330.43017578125,165700,66.85203073692692
2022-06-21,4327.919921875,4357.33984375,4287.14013671875,4325.56982421875,4325.56982421875,164700,66.24591387768895
2022-06-22,4331.89990234375,4333.18017578125,4269.25,4270.6201171875,4270.6201171875,158600,59.66011823753362
2022-06-23,4277.9599609375,4343.8798828125,4260.89990234375,4343.8798828125,4343.8798828125,170900,64.69886620314927
2022-06-24,4354.5498046875,4400.68994140625,4346.1201171875,4394.77001953125,4394.77001953125,169000,67.71557790354603
2022-06-27,4414.330078125,4472.68994140625,4414.330078125,4444.259765625,4444.259765625,177400,70.36760635667477
2022-06-28,4442.580078125,4497.89013671875,4407.35009765625,4490.52001953125,4490.52001953125,174800,72.63081453986962
2022-06-29,4472.72998046875,4503.1298828125,4414.0,4421.35986328125,4421.35986328125,187300,64.67757381356525
2022-06-30,4418.06982421875,4515.0,4418.06982421875,4485.009765625,4485.009765625,156700,68.13579494703536
2022-07-01,4489.52001953125,4500.990234375,4449.2900390625,4466.72021484375,4466.72021484375,144800,66.13222123645178
2022-07-04,4447.22021484375,4496.02978515625,4427.81982421875,4496.02978515625,4496.02978515625,146300,67.76794186701869
2022-07-05,4505.4599609375,4530.31982421875,4439.4501953125,4489.5400390625,4489.5400390625,155000,66.9963695733322
2022-07-06,4475.47998046875,4484.35986328125,4393.419921875,4423.97021484375,4423.97021484375,149800,59.611491743666015
2022-07-07,4425.27978515625,4457.33984375,4391.18994140625,4443.47021484375,4443.47021484375,132700,60.988694259865206
2022-07-08,4468.06005859375,4479.490234375,4426.89013671875,4428.77978515625,4428.77978515625,123200,59.346885760086316
2022-07-11,4406.14990234375,4406.14990234375,4330.580078125,4354.6201171875,4354.6201171875,134400,51.77032642322337
2022-07-12,4352.64990234375,4370.33984375,4296.6201171875,4313.6201171875,4313.6201171875,130200,48.113206832093
2022-07-13,4313.35986328125,4341.47021484375,4284.93994140625,4321.4599609375,4321.4599609375,131100,48.85716968594287
2022-07-14,4308.81982421875,4352.10009765625,4292.759765625,4322.06982421875,4322.06982421875,145300,48.918527177242495
2022-07-15,4299.47021484375,4344.85986328125,4248.52978515625,4248.52978515625,4248.52978515625,150200,42.324500095754246
2022-07-18,4262.14990234375,4300.77978515625,4217.509765625,4292.58984375,4292.58984375,122600,46.939332760007844
2022-07-19,4288.43994140625,4288.43994140625,4238.81982421875,4269.33984375,4269.33984375,103800,44.89781857708587
2022-07-20,4291.27978515625,4303.3701171875,4269.97021484375,4283.7998046875,4283.7998046875,94500,46.457524711952416
2022-07-21,4270.35986328125,4283.14990234375,4236.0498046875,4236.06005859375,4236.06005859375,117200,42.209545948292835
2022-07-22,4251.7900390625,4275.47021484375,4207.31005859375,4238.22998046875,4238.22998046875,103800,42.46705444076314
2022-07-25,4233.93017578125,4234.83984375,4201.919921875,4212.64013671875,4212.64013671875,83600,40.1925379013378
2022-07-26,4220.08984375,4259.990234375,4214.52978515625,4245.97998046875,4245.97998046875,85800,44.37281125720167
2022-07-27,4236.14990234375,4242.10009765625,4217.27978515625,4225.0400390625,4225.0400390625,78900,42.36971668718396
2022-07-28,4242.27001953125,4267.919921875,4223.02978515625,4225.669921875,4225.669921875,107500,42.453869689189794
2022-07-29,4226.419921875,4243.509765625,4160.8701171875,4170.10009765625,4170.10009765625,114200,37.281639867396
2022-08-01,4160.64990234375,4196.56982421875,4129.4501953125,4188.68017578125,4188.68017578125,107700,39.91738000465068
2022-08-02,4144.3798828125,4144.3798828125,4071.429931640625,4107.02001953125,4107.02001953125,142200,33.294743442186174
2022-08-03,4114.830078125,4150.97998046875,4058.179931640625,4066.97998046875,4066.97998046875,116700,30.612849384082878
2022-08-04,4089.43994140625,4108.16015625,4064.659912109375,4101.5400390625,4101.5400390625,89500,35.44624264089707
2022-08-05,4109.6298828125,4159.47998046875,4097.85986328125,4156.91015625,4156.91015625,102600,42.37235604991718
2022-08-08,4142.10986328125,4155.72998046875,4135.080078125,4148.06982421875,4148.06982421875,90200,41.6048360423911
2022-08-09,4143.669921875,4161.81005859375,4131.43017578125,4156.2900390625,4156.2900390625,84100,42.64517844573609
2022-08-10,4149.2099609375,4160.7900390625,4092.550048828125,4109.740234375,4109.740234375,85600,38.46595739829299
2022-08-11,4130.740234375,4193.81005859375,4116.06005859375,4193.5400390625,4193.5400390625,121400,48.2903713281251
2022-08-12,4185.419921875,4202.47021484375,4175.0498046875,4191.14990234375,4191.14990234375,106800,48.05470823698822
2022-08-15,4180.0,4219.919921875,4174.2998046875,4185.68017578125,4185.68017578125,105900,47.48362105704211
2022-08-16,4190.52978515625,4208.7998046875,4170.52001953125,4177.83984375,4177.83984375,93900,46.62822185112549
2022-08-17,4182.56982421875,4222.7900390625,4155.169921875,4216.9599609375,4216.9599609375,112900,51.338641667372656
2022-08-18,4205.7900390625,4211.91015625,4173.5400390625,4180.10009765625,4180.10009765625,101100,47.118940321207674
2022-08-19,4174.5498046875,4185.66015625,4151.06982421875,4151.06982421875,4151.06982421875,117400,44.048170224181185
2022-08-22,4135.16015625,4183.64990234375,4134.2001953125,4181.39990234375,4181.39990234375,112400,47.87061709470775
2022-08-23,4175.52978515625,4187.39013671875,4147.41015625,4161.080078125,4161.080078125,103200,45.62191573200004
2022-08-24,4168.580078125,4174.16015625,4079.090087890625,4082.419921875,4082.419921875,119100,38.15079303839964
2022-08-25,4093.2900390625,4119.6201171875,4058.75,4116.240234375,4116.240234375,111300,42.51004353013401
2022-08-26,4127.81005859375,4139.7900390625,4102.68017578125,4107.5498046875,4107.5498046875,99000,41.69678509144534
2022-08-29,4063.8798828125,4092.949951171875,4059.60009765625,4089.52001953125,4089.52001953125,94400,39.987572610967916
2022-08-30,4088.530029296875,4093.139892578125,4048.52001953125,4075.7900390625,4075.7900390625,93300,38.68703481091933
2022-08-31,4057.139892578125,4112.85009765625,4046.6201171875,4078.840087890625,4078.840087890625,132500,39.160410303660704
2022-09-01,4066.18994140625,4090.889892578125,4041.1298828125,4043.739990234375,4043.739990234375,97400,35.74060367191275
2022-09-02,4054.840087890625,4056.179931640625,4004.909912109375,4023.610107421875,4023.610107421875,86800,33.91157752096859
2022-09-05,4010.409912109375,4017.0,3982.739990234375,4015.429931640625,4015.429931640625,93800,33.168741260878534
2022-09-06,4024.469970703125,4054.0,4009.580078125,4052.280029296875,4052.280029296875,113500,39.58858958242539
2022-09-07,4032.719970703125,4067.5400390625,4028.3701171875,4054.97998046875,4054.97998046875,107700,40.043040181327264
2022-09-08,4059.169921875,4067.760009765625,4036.02001953125,4037.679931640625,4037.679931640625,100900,38.067014327169396
2022-09-09,4050.590087890625,4099.009765625,4042.25,4093.7900390625,4093.7900390625,118400,47.17251748300913
2022-09-13,4112.009765625,4128.10986328125,4097.14013671875,4111.10986328125,4111.10986328125,111800,49.63405242198688
2022-09-14,4058.0400390625,4089.06005859375,4047.919921875,4065.360107421875,4065.360107421875,90800,43.82508618109705
2022-09-15,4078.64990234375,4088.81005859375,3998.860107421875,4027.1201171875,4027.1201171875,124000,39.64816844000419
2022-09-16,4013.580078125,4019.409912109375,3932.679931640625,3932.679931640625,3932.679931640625,137200,31.63028127795984
2022-09-19,3928.419921875,3953.64990234375,3910.31005859375,3928.0,3928.0,97700,31.292570123450304
2022-09-20,3945.64990234375,3957.550048828125,3921.68994140625,3932.840087890625,3932.840087890625,84800,32.10001053279386
2022-09-21,3921.320068359375,3924.389892578125,3884.22998046875,3903.72998046875,3903.72998046875,86500,29.829478266780086
2022-09-22,3875.179931640625,3900.27001953125,3860.22998046875,3869.340087890625,3869.340087890625,80900,27.366745175979858
2022-09-23,3865.10009765625,3888.39990234375,3829.68994140625,3856.02001953125,3856.02001953125,94300,26.45567698160778
2022-09-26,3829.60009765625,3893.320068359375,3827.949951171875,3836.679931640625,3836.679931640625,104500,25.146661605413144
2022-09-27,3844.070068359375,3893.030029296875,3827.929931640625,3892.300048828125,3892.300048828125,88900,35.093244547345975
2022-09-28,3879.43994140625,3879.43994140625,3828.050048828125,3828.7099609375,3828.7099609375,86600,30.15898817920869
2022-09-29,3864.320068359375,3873.179931640625,3808.64990234375,3827.139892578125,3827.139892578125,85700,30.046654977491315
2022-09-30,3833.35009765625,3848.60009765625,3801.280029296875,3804.889892578125,3804.889892578125,78600,28.430538729623237
2022-10-10,3806.56005859375,3807.4599609375,3715.7099609375,3720.93994140625,3720.93994140625,102600,23.33144283819952
2022-10-11,3732.02001953125,3739.81005859375,3706.06005859375,3727.68994140625,3727.68994140625,83900,24.50390965483267
2022-10-12,3722.8701171875,3784.31005859375,3661.530029296875,3784.31005859375,3784.31005859375,108100,33.66741924418518
2022-10-13,3756.419921875,3783.60009765625,3749.639892578125,3752.669921875,3752.669921875,99000,31.375593480680635
2022-10-14,3783.320068359375,3863.22998046875,3780.840087890625,3842.469970703125,3842.469970703125,116200,43.19467490310062
2022-10-17,3822.239990234375,3849.6201171875,3809.1201171875,3846.409912109375,3846.409912109375,104200,43.65320957461883
2022-10-18,3865.830078125,3870.219970703125,3831.169921875,3838.27001953125,3838.27001953125,88300,42.88304708819584
2022-10-19,3827.469970703125,3840.489990234375,3776.530029296875,3776.530029296875,3776.530029296875,81600,37.48152670732771
2022-10-20,3746.580078125,3804.25,3726.7900390625,3754.929931640625,3754.929931640625,90300,35.78334126317024
2022-10-21,3753.889892578125,3768.68994140625,3724.68994140625,3742.889892578125,3742.889892578125,98800,34.83590117607025
2022-10-24,3727.919921875,3762.159912109375,3619.989990234375,3633.3701171875,3633.3701171875,130100,27.6613653232248
2022-10-25,3621.93994140625,3670.72998046875,3594.699951171875,3627.449951171875,3627.449951171875,111000,27.333654723351785
2022-10-26,3633.31005859375,3700.8798828125,3633.31005859375,3656.89990234375,3656.89990234375,121300,31.67037387446733
2022-10-27,3667.659912109375,3685.080078125,3631.06005859375,3631.139892578125,3631.139892578125,118000,29.984699046315825
2022-10-28,3605.159912109375,3618.860107421875,3533.5,3541.330078125,3541.330078125,118800,24.990575058337143
2022-10-31,3504.510009765625,3553.389892578125,3495.949951171875,3508.699951171875,3508.699951171875,138500,23.46161157151559
2022-11-01,3519.820068359375,3634.169921875,3517.6201171875,3634.169921875,3634.169921875,149300,38.933110175946155
2022-11-02,3620.3701171875,3703.469970703125,3610.800048828125,3677.81005859375,3677.81005859375,141600,43.23136822624661
2022-11-03,3645.06005859375,3670.159912109375,3628.5,3647.89990234375,3647.89990234375,110600,41.0963237790179
2022-11-04,3646.77001953125,3782.8798828125,3646.77001953125,3767.169921875,3767.169921875,149700,51.40292283440991
2022-11-07,3754.52001953125,3792.7900390625,3746.3701171875,3775.300048828125,3775.300048828125,129800,52.01922116982732
2022-11-08,3773.659912109375,3779.1201171875,3723.340087890625,3749.330078125,3749.330078125,99000,49.84472395365356
2022-11-09,3750.780029296875,3760.409912109375,3711.27001953125,3714.27001953125,3714.27001953125,89400,46.9889947319702
2022-11-10,3685.830078125,3701.530029296875,3665.06005859375,3685.68994140625,3685.68994140625,103500,44.73881225726662
2022-11-11,3787.760009765625,3828.89990234375,3747.090087890625,3788.43994140625,3788.43994140625,189700,53.382073488141444
2022-11-14,3818.139892578125,3848.409912109375,3781.780029296875,3794.02001953125,3794.02001953125,169700,53.80464369832061
2022-11-15,3788.929931640625,3871.639892578125,3775.5,3865.969970703125,3865.969970703125,151500,58.9691767681791
2022-11-16,3860.81005859375,3877.679931640625,3829.31005859375,3834.389892578125,3834.389892578125,120600,56.009386505335065
2022-11-17,3821.27001953125,3821.739990234375,3776.570068359375,3818.659912109375,3818.659912109375,105900,54.540939909566
2022-11-18,3823.820068359375,3840.300048828125,3801.570068359375,3801.570068359375,3801.570068359375,115100,52.91766307860077
2022-11-21,3769.6298828125,3769.8701171875,3734.0,3769.1298828125,3769.1298828125,95900,49.88272349488758
2022-11-22,3766.080078125,3809.860107421875,3751.0400390625,3769.570068359375,3769.570068359375,144500,49.92469071146328
2022-11-23,3760.219970703125,3791.179931640625,3753.2099609375,3773.530029296875,3773.530029296875,144500,50.3276647688943
2022-11-24,3791.5400390625,3804.89990234375,3751.3798828125,3756.81005859375,3756.81005859375,101100,48.55109696150945
2022-11-25,3751.280029296875,3790.570068359375,3743.409912109375,3775.780029296875,3775.780029296875,142900,50.67839359735432
2022-11-28,3701.89990234375,3736.080078125,3672.1298828125,3733.239990234375,3733.239990234375,127800,46.07735975818237
2022-11-29,3766.570068359375,3854.77001953125,3766.570068359375,3848.419921875,3848.419921875,178700,57.36416385530874
2022-11-30,3836.56005859375,3867.659912109375,3833.830078125,3853.0400390625,3853.0400390625,157500,57.74621919329065
2022-12-01,3921.300048828125,3944.56005859375,3893.8701171875,3894.77001953125,3894.77001953125,170000,61.133898859125246
2022-12-02,3886.39990234375,3898.110107421875,3865.8798828125,3870.949951171875,3870.949951171875,116800,58.26242526714987
2022-12-05,3907.639892578125,3947.47998046875,3900.669921875,3946.8798828125,3946.8798828125,201700,64.05780637440877
2022-12-06,3929.010009765625,3988.89990234375,3923.0,3968.199951171875,3968.199951171875,155100,65.50610236542528
2022-12-07,3956.669921875,3999.590087890625,3944.179931640625,3958.43994140625,3958.43994140625,143000,64.23013972521183
2022-12-08,3953.199951171875,3971.489990234375,3941.300048828125,3959.179931640625,3959.179931640625,115200,64.28693911797424
2022-12-09,3961.989990234375,4003.320068359375,3944.43994140625,3998.239990234375,3998.239990234375,153800,67.24367920918019
2022-12-12,3976.169921875,3983.429931640625,3950.320068359375,3953.43994140625,3953.43994140625,125900,61.005141624559876
2022-12-13,3953.550048828125,3964.39990234375,3939.97998046875,3945.679931640625,3945.679931640625,101000,59.9673394576047
2022-12-14,3952.7900390625,3972.739990234375,3935.77001953125,3954.889892578125,3954.889892578125,98500,60.81926361115873
2022-12-15,3954.669921875,3963.5,3926.5,3951.989990234375,3951.989990234375,88900,60.38353579507004
2022-12-16,3931.22998046875,3960.469970703125,3929.489990234375,3954.22998046875,3954.22998046875,93200,60.618237751203665
2022-12-19,3952.77001953125,3966.570068359375,3878.43994140625,3893.219970703125,3893.219970703125,106900,51.64394803395455
2022-12-20,3881.22998046875,3881.27001953125,3811.47998046875,3829.02001953125,3829.02001953125,83100,44.22440637341797
2022-12-21,3839.0,3853.72998046875,3821.39990234375,3830.5400390625,3830.5400390625,64800,44.42797601441924
2022-12-22,3859.199951171875,3882.1298828125,3821.340087890625,3836.030029296875,3836.030029296875,83700,45.20585148893862
2022-12-23,3811.6201171875,3848.340087890625,3805.949951171875,3828.219970703125,3828.219970703125,65300,44.25677539221913
2022-12-26,3830.570068359375,3856.81005859375,3827.52001953125,3843.489990234375,3843.489990234375,73000,46.61661493666734
2022-12-27,3860.909912109375,3891.85009765625,3856.580078125,3887.85009765625,3887.85009765625,77500,52.859968563166355
2022-12-28,3874.909912109375,3884.719970703125,3854.93994140625,3871.260009765625,3871.260009765625,84400,50.48208863391625
2022-12-29,3854.239990234375,3868.2900390625,3838.47998046875,3856.699951171875,3856.699951171875,79400,48.423278351414666
2022-12-30,3873.93994140625,3887.550048828125,3868.760009765625,3871.6298828125,3871.6298828125,78800,50.645978798386395
2023-01-03,3864.840087890625,3893.989990234375,3831.25,3887.89990234375,3887.89990234375,115100,53.02192893507617
2023-01-04,3886.25,3905.89990234375,3873.64990234375,3892.949951171875,3892.949951171875,110700,53.76592247050158
2023-01-05,3913.489990234375,3974.8798828125,3912.260009765625,3968.580078125,3968.580078125,116500,63.172474393744
2023-01-06,3969.550048828125,4000.409912109375,3966.469970703125,3980.889892578125,3980.889892578125,111000,64.44060499994089
2023-01-09,3998.530029296875,4023.090087890625,3990.7099609375,4013.1201171875,4013.1201171875,117100,67.58762040780853
2023-01-10,4014.7099609375,4030.4599609375,4002.22998046875,4017.469970703125,4017.469970703125,101800,67.99924443907598
2023-01-11,4019.8798828125,4043.39990234375,4008.02001953125,4010.030029296875,4010.030029296875,100000,66.44495679293934
2023-01-12,4021.75,4030.2900390625,4003.510009765625,4017.8701171875,4017.8701171875,90600,67.29335435740283
2023-01-13,4032.2900390625,4074.3798828125,4027.889892578125,4074.3798828125,4074.3798828125,95900,72.65921974268568
2023-01-16,4077.8798828125,4177.10009765625,4076.639892578125,4137.9599609375,4137.9599609375,151400,77.19294511799671
2023-01-17,4138.83984375,4148.580078125,4118.16015625,4137.240234375,4137.240234375,95500,77.03721377464777
2023-01-18,4140.10009765625,4151.4599609375,4125.77001953125,4130.31005859375,4130.31005859375,84200,75.4586260724067
2023-01-19,4125.580078125,4156.009765625,4105.97998046875,4156.009765625,4156.009765625,94600,77.31503981532583
2023-01-20,4166.83984375,4189.830078125,4161.669921875,4181.52978515625,4181.52978515625,123600,79.01276951961384
2023-01-30,4267.6201171875,4268.14990234375,4197.85986328125,4201.35009765625,4201.35009765625,164600,80.24909201166034
2023-01-31,4200.580078125,4212.72998046875,4153.0498046875,4156.85986328125,4156.85986328125,124600,70.24594246699417
2023-02-01,4170.1298828125,4195.93017578125,4137.77001953125,4195.93017578125,4195.93017578125,141000,73.38364707417293
2023-02-02,4207.41015625,4207.41015625,4170.56005859375,4181.14990234375,4181.14990234375,133800,70.36079522136987
2023-02-03,4162.02978515625,4162.02978515625,4103.169921875,4141.6298828125,4141.6298828125,117000,62.899962185872695
2023-02-06,4103.830078125,4105.93994140625,4065.219970703125,4086.8798828125,4086.8798828125,110200,54.30834690623796
2023-02-07,4098.31005859375,4107.33984375,4077.9599609375,4094.22998046875,4094.22998046875,91400,55.19318174162165
2023-02-08,4099.85986328125,4111.47021484375,4072.64990234375,4076.139892578125,4076.139892578125,84800,52.49851766173887
2023-02-09,4067.56005859375,4130.85986328125,4064.75,4130.85986328125,4130.85986328125,102300,59.01656384249675
2023-02-10,4124.10009765625,4125.2900390625,4092.35009765625,4106.31005859375,4106.31005859375,96700,55.34718401842567
2023-02-13,4098.8798828125,4146.4501953125,4092.27001953125,4143.56982421875,4143.56982421875,128900,59.466366622869785
2023-02-14,4151.25,4152.0498046875,4125.259765625,4145.2900390625,4145.2900390625,102500,59.65142877505889
2023-02-15,4146.85009765625,4153.72021484375,4115.97021484375,4123.68994140625,4123.68994140625,121700,56.18275984897057
2023-02-16,4125.41015625,4167.89990234375,4068.860107421875,4093.489990234375,4093.489990234375,159300,51.65973108168021
2023-02-17,4086.219970703125,4104.64013671875,4032.929931640625,4034.510009765625,4034.510009765625,116100,44.179277136347054
2023-02-20,4039.9599609375,4134.85986328125,4035.47998046875,4133.490234375,4133.490234375,161800,55.75754355072184
2023-02-21,4130.06005859375,4151.7998046875,4116.27001953125,4144.35009765625,4144.35009765625,145800,56.81590142884411
2023-02-22,4118.97021484375,4134.8798828125,4101.85986328125,4106.9501953125,4106.9501953125,104300,52.185937588986235
2023-02-23,4106.2099609375,4132.39013671875,4088.2099609375,4103.64990234375,4103.64990234375,103600,51.78490690146593
2023-02-24,4100.990234375,4102.60986328125,4048.239990234375,4061.050048828125,4061.050048828125,101000,46.78698494294608
2023-02-27,4040.4599609375,4067.030029296875,4034.52001953125,4043.840087890625,4043.840087890625,93800,44.90158118840472
2023-02-28,4058.1298828125,4074.260009765625,4026.449951171875,4069.4599609375,4069.4599609375,110300,48.245163517718716
2023-03-01,4068.72998046875,4135.47998046875,4061.219970703125,4126.93994140625,4126.93994140625,156000,54.86318427456793
2023-03-02,4119.990234375,4137.25,4113.830078125,4117.740234375,4117.740234375,148200,53.68005498757964
2023-03-03,4126.02001953125,4135.2099609375,4100.3798828125,4130.5498046875,4130.5498046875,160300,55.130973718148326
2023-03-06,4131.14990234375,4132.83984375,4088.449951171875,4109.009765625,4109.009765625,163000,52.171561287153395
2023-03-07,4103.64013671875,4124.9599609375,4046.570068359375,4048.85009765625,4048.85009765625,195900,44.919113155017605
2023-03-08,4030.739990234375,4037.2900390625,4011.52001953125,4034.110107421875,4034.110107421875,117900,43.32978428165018
2023-03-09,4035.840087890625,4043.85009765625,4000.889892578125,4019.85009765625,4019.85009765625,116500,41.78930774646028
2023-03-10,3991.800048828125,4004.360107421875,3966.429931640625,3967.139892578125,3967.139892578125,123900,36.60836848225776
2023-03-13,3962.639892578125,4008.68994140625,3962.639892578125,4008.68994140625,4008.68994140625,143600,42.644766807243165
2023-03-14,3999.8798828125,4001.93994140625,3946.93994140625,3984.699951171875,3984.699951171875,150500,40.26094835504932
2023-03-15,4011.840087890625,4018.75,3986.89990234375,3986.89990234375,3986.89990234375,142000,40.58892468374551
2023-03-16,3958.199951171875,3981.320068359375,3936.47998046875,3939.14990234375,3939.14990234375,152500,35.97255595355044
2023-03-17,3971.159912109375,4004.219970703125,3945.25,3958.820068359375,3958.820068359375,177400,39.047948821438474
2023-03-20,3962.659912109375,3979.550048828125,3935.02001953125,3939.080078125,3939.080078125,205300,37.120968297295825
2023-03-21,3948.159912109375,3982.699951171875,3948.159912109375,3982.3798828125,3982.3798828125,145100,43.685760863679576
2023-03-22,3993.780029296875,4016.449951171875,3986.7099609375,3999.43994140625,3999.43994140625,149200,46.074604723668536
2023-03-23,3985.989990234375,4039.090087890625,3984.0,4039.090087890625,4039.090087890625,158900,51.25053436495049
2023-03-24,4035.159912109375,4037.840087890625,4017.0,4027.050048828125,4027.050048828125,159400,49.69084123471086
2023-03-27,4023.300048828125,4023.300048828125,3987.030029296875,4012.47998046875,4012.47998046875,168500,47.79525342613509
2023-03-28,4015.699951171875,4023.780029296875,3994.60009765625,3999.510009765625,3999.510009765625,131900,46.10902807348616
2023-03-29,4013.590087890625,4017.760009765625,3992.669921875,4006.139892578125,4006.139892578125,133700,47.13573057694613
2023-03-30,4009.56005859375,4040.5,3983.89990234375,4038.530029296875,4038.530029296875,149900,51.95184637742375
2023-03-31,4045.449951171875,4063.570068359375,4039.9599609375,4050.929931640625,4050.929931640625,138800,53.6912019080376
2023-04-03,4059.6201171875,4094.93994140625,4059.06005859375,4090.570068359375,4090.570068359375,182100,58.82298279696376
2023-04-04,4089.2900390625,4103.16015625,4080.070068359375,4103.10986328125,4103.10986328125,197100,60.32096173341722
2023-04-06,4084.1298828125,4098.830078125,4078.39990234375,4096.64013671875,4096.64013671875,150700,59.12585030977522
2023-04-07,4096.89990234375,4131.31005859375,4092.179931640625,4123.27978515625,4123.27978515625,128700,62.42684657529792
2023-04-10,4132.009765625,4132.2998046875,4099.0498046875,4104.81005859375,4104.81005859375,152500,58.8766218392692
2023-04-11,4108.509765625,4116.1201171875,4083.489990234375,4100.14990234375,4100.14990234375,153900,57.980654340081166
2023-04-12,4102.39990234375,4108.25,4090.280029296875,4097.2900390625,4097.2900390625,166000,57.40333517450551
2023-04-13,4081.389892578125,4088.8798828125,4059.570068359375,4068.97998046875,4068.97998046875,156400,51.89479130308923
2023-04-14,4078.969970703125,4098.22021484375,4075.199951171875,4092.0,4092.0,150700,55.623847552904046
2023-04-17,4090.070068359375,4149.3798828125,4089.510009765625,4149.3798828125,4149.3798828125,188800,63.267427731581016
2023-04-18,4139.31005859375,4169.669921875,4138.4599609375,4162.02978515625,4162.02978515625,170200,64.71055364408042
2023-04-19,4159.39013671875,4159.39013671875,4118.6298828125,4124.56005859375,4124.56005859375,162600,57.5039801051454
2023-04-20,4122.9501953125,4125.81982421875,4094.0,4113.02001953125,4113.02001953125,162700,55.455599977202105
2023-04-21,4114.259765625,4114.259765625,4031.909912109375,4032.570068359375,4032.570068359375,180800,43.754247595750236
2023-04-24,4031.300048828125,4033.639892578125,3967.909912109375,3982.639892578125,3982.639892578125,170100,38.346260336445276
2023-04-25,3985.110107421875,3991.68994140625,3925.43994140625,3962.669921875,3962.669921875,172600,36.40800351852039
2023-04-26,3950.260009765625,3975.659912109375,3934.659912109375,3959.22998046875,3959.22998046875,162700,36.0697905740311
2023-04-27,3948.030029296875,3999.1298828125,3942.820068359375,3988.419921875,3988.419921875,153800,41.07221290956221
2023-04-28,3993.260009765625,4030.449951171875,3993.260009765625,4029.090087890625,4029.090087890625,179500,47.26390819048584
2023-05-04,4013.469970703125,4035.780029296875,4001.1298828125,4030.25,4030.25,227600,47.43354961658652
2023-05-05,4031.090087890625,4047.60009765625,3998.389892578125,4016.8798828125,4016.8798828125,206600,45.61217383112559
2023-05-08,4028.110107421875,4070.77001953125,4018.9599609375,4062.659912109375,4062.659912109375,255600,52.357922548832875
2023-05-09,4065.43994140625,4092.85009765625,4026.389892578125,4027.8798828125,4027.8798828125,279300,47.53429187893806
2023-05-10,4017.93994140625,4019.06005859375,3984.6298828125,3996.8701171875,3996.8701171875,207600,43.67115951944985
2023-05-11,4005.780029296875,4018.06005859375,3988.47998046875,3990.659912109375,3990.659912109375,144800,42.91889048123742
2023-05-12,3987.77001953125,3999.3798828125,3937.530029296875,3937.760009765625,3937.760009765625,144400,37.062304821689075
2023-05-15,3938.830078125,3998.889892578125,3923.030029296875,3998.889892578125,3998.889892578125,176300,46.19865114802855
2023-05-16,4002.52001953125,4005.02001953125,3966.989990234375,3978.2099609375,3978.2099609375,136800,43.87810707274174
2023-05-17,3971.699951171875,3982.60009765625,3945.7099609375,3960.169921875,3960.169921875,118400,41.90087921832969
2023-05-18,3965.52001953125,3982.719970703125,3939.550048828125,3956.070068359375,3956.070068359375,136500,41.443807828735466
2023-05-19,3946.219970703125,3967.280029296875,3928.320068359375,3944.5400390625,3944.5400390625,120200,40.11839489408678
2023-05-22,3941.0,3985.39990234375,3935.800048828125,3969.330078125,3969.330078125,109100,44.24689319433652
2023-05-23,3968.22998046875,3971.93994140625,3913.18994140625,3913.18994140625,3913.18994140625,118700,37.87796623912263
2023-05-24,3903.780029296875,3903.780029296875,3859.090087890625,3859.090087890625,3859.090087890625,137300,32.95514545565186
2023-05-25,3851.409912109375,3861.3798828125,3817.840087890625,3850.5,3850.5,124200,32.238687149102134
2023-05-26,3848.419921875,3859.6298828125,3815.570068359375,3850.949951171875,3850.949951171875,100300,32.32168554264426
2023-05-29,3862.080078125,3866.719970703125,3819.179931640625,3833.93994140625,3833.93994140625,131900,30.786462354844332
2023-05-30,3827.7900390625,3844.010009765625,3789.27001953125,3837.75,3837.75,137600,31.570492408545476
2023-05-31,3827.159912109375,3827.159912109375,3781.39990234375,3798.5400390625,3798.5400390625,126400,28.04913163520915
2023-06-01,3788.590087890625,3832.2099609375,3786.72998046875,3806.8701171875,3806.8701171875,134600,29.839567513690085
2023-06-02,3821.6201171875,3865.280029296875,3821.6201171875,3861.830078125,3861.830078125,125000,40.38078987175816
2023-06-05,3860.56005859375,3860.56005859375,3832.4599609375,3844.25,3844.25,116200,38.393698942507825
2023-06-06,3840.4599609375,3867.85009765625,3802.840087890625,3808.159912109375,3808.159912109375,125800,34.626618958874516
2023-06-07,3815.47998046875,3823.110107421875,3780.10009765625,3789.340087890625,3789.340087890625,98900,32.81830695458976
2023-06-08,3791.080078125,3834.389892578125,3777.780029296875,3820.18994140625,3820.18994140625,118700,38.489025730825844
2023-06-09,3822.409912109375,3836.699951171875,3811.219970703125,3836.699951171875,3836.699951171875,134300,41.342598131420544
2023-06-12,3827.330078125,3859.719970703125,3813.860107421875,3844.429931640625,3844.429931640625,126800,42.6833030262256
2023-06-13,3838.1298828125,3867.300048828125,3833.4599609375,3864.909912109375,3864.909912109375,110900,46.19235789058896
2023-06-14,3872.719970703125,3891.669921875,3862.06005859375,3864.02001953125,3864.02001953125,125000,46.0604017954266
2023-06-15,3871.77001953125,3925.5,3871.77001953125,3925.5,3925.5,128400,55.515191415967195
2023-06-16,3932.2099609375,3968.010009765625,3928.5400390625,3963.35009765625,3963.35009765625,139800,60.146737687731935
2023-06-19,3957.030029296875,3957.030029296875,3922.469970703125,3930.909912109375,3930.909912109375,134900,54.8734933082688
2023-06-20,3926.090087890625,3937.489990234375,3918.469970703125,3924.239990234375,3924.239990234375,122500,53.8285314132107
2023-06-21,3909.10009765625,3920.1298828125,3864.030029296875,3864.030029296875,3864.030029296875,118300,45.420047279944015
2023-06-26,3833.43994140625,3841.2900390625,3801.050048828125,3809.699951171875,3809.699951171875,134000,39.43408933682849
2023-06-27,3811.68994140625,3851.89990234375,3806.320068359375,3845.429931640625,3845.429931640625,117000,44.60463785560995
2023-06-28,3836.610107421875,3846.85009765625,3808.159912109375,3840.800048828125,3840.800048828125,107000,44.07950764444135
2023-06-29,3836.72998046875,3840.7099609375,3817.3798828125,3821.840087890625,3821.840087890625,98300,41.903838193887516
2023-06-30,3816.330078125,3860.030029296875,3813.550048828125,3842.449951171875,3842.449951171875,101300,45.07728022894339
2023-07-03,3853.2900390625,3897.330078125,3853.2900390625,3892.8798828125,3892.8798828125,133200,51.98810565798388
2023-07-04,3888.030029296875,3899.97998046875,3878.39990234375,3899.010009765625,3899.010009765625,109500,52.76613705843304
2023-07-05,3895.18994140625,3899.52001953125,3864.1298828125,3868.81005859375,3868.81005859375,97600,48.58874337262791
2023-07-06,3857.030029296875,3876.889892578125,3836.4599609375,3842.75,3842.75,100100,45.259013383471206
2023-07-07,3831.60009765625,3844.840087890625,3819.080078125,3825.699951171875,3825.699951171875,100900,43.17435850502143
2023-07-10,3841.56005859375,3865.4599609375,3831.919921875,3844.330078125,3844.330078125,92000,46.09598739193031
2023-07-11,3853.800048828125,3870.64990234375,3844.52001953125,3869.489990234375,3869.489990234375,86500,49.8462533941199
2023-07-12,3864.60009765625,3874.0400390625,3838.56005859375,3843.43994140625,3843.43994140625,111500,46.257778936392725
2023-07-13,3855.659912109375,3901.10009765625,3855.659912109375,3898.419921875,3898.419921875,120300,53.814953387050835
2023-07-14,3904.60009765625,3908.489990234375,3893.7900390625,3899.10009765625,3899.10009765625,122400,53.90131755946441
2023-07-17,3881.6201171875,3881.6201171875,3852.260009765625,3867.169921875,3867.169921875,98300,49.24581678600281
2023-07-18,3871.0400390625,3871.0400390625,3844.510009765625,3854.93994140625,3854.93994140625,91400,47.55170428808002
2023-07-19,3848.47998046875,3860.010009765625,3830.409912109375,3850.8701171875,3850.8701171875,79600,46.97260620128446
2023-07-20,3857.77001953125,3875.6201171875,3818.7099609375,3823.68994140625,3823.68994140625,92000,43.189684380528256
2023-07-21,3816.97998046875,3849.510009765625,3808.800048828125,3821.909912109375,3821.909912109375,79500,42.94575588747961
2023-07-24,3803.35009765625,3828.7900390625,3798.800048828125,3805.219970703125,3805.219970703125,75500,40.62874408926117
2023-07-25,3866.639892578125,3915.81005859375,3866.639892578125,3915.1201171875,3915.1201171875,163100,57.0580139507051
2023-07-26,3908.169921875,3912.97998046875,3893.39990234375,3907.010009765625,3907.010009765625,107900,55.830223053912654
2023-07-27,3914.22998046875,3935.360107421875,3894.68994140625,3902.35009765625,3902.35009765625,110700,55.096607685920965
2023-07-28,3889.7900390625,4000.919921875,3886.550048828125,3992.739990234375,3992.739990234375,179700,64.76754890131794
2023-07-31,4018.889892578125,4064.360107421875,4002.080078125,4014.6298828125,4014.6298828125,199600,66.64128060525856
2023-08-01,4009.179931640625,4031.699951171875,3983.030029296875,3998.0,3998.0,142300,63.86258310657552
2023-08-02,3985.699951171875,4008.330078125,3958.510009765625,3969.89990234375,3969.89990234375,125900,59.35871416505236
2023-08-03,3962.1298828125,4005.0,3962.1298828125,4004.97998046875,4004.97998046875,129000,62.87839597334602
2023-08-04,4033.719970703125,4058.239990234375,4011.6201171875,4020.580078125,4020.580078125,178300,64.35670509256849
2023-08-07,4002.969970703125,4002.969970703125,3977.02001953125,3990.14990234375,3990.14990234375,121300,59.38846632311194
2023-08-08,3980.0400390625,4002.2900390625,3963.4599609375,3979.72998046875,3979.72998046875,109900,57.74460654262146
2023-08-09,3967.360107421875,3982.110107421875,3961.840087890625,3967.570068359375,3967.570068359375,94600,55.803390364987514
2023-08-10,3962.860107421875,3976.4599609375,3945.389892578125,3975.719970703125,3975.719970703125,97200,56.85038875780661
2023-08-11,3977.97998046875,3977.97998046875,3884.25,3884.25,3884.25,126100,44.19578094024216
2023-08-14,3840.889892578125,3859.469970703125,3814.070068359375,3855.909912109375,3855.909912109375,116000,41.140231476043354
2023-08-15,3858.3701171875,3865.280029296875,3811.679931640625,3846.5400390625,3846.5400390625,103100,40.15183519280456
2023-08-16,3830.830078125,3852.419921875,3817.6298828125,3818.330078125,3818.330078125,94600,37.25017748058458
2023-08-17,3801.199951171875,3836.14990234375,3782.5,3831.10009765625,3831.10009765625,98400,39.38563102878836
2023-08-18,3832.4599609375,3844.199951171875,3784.0,3784.0,3784.0,95600,34.69568330916698
2023-08-21,3773.22998046875,3782.110107421875,3729.56005859375,3729.56005859375,3729.56005859375,98700,30.216894839124592
2023-08-22,3748.070068359375,3770.06005859375,3704.679931640625,3758.22998046875,3758.22998046875,120300,34.97729726316018
2023-08-23,3751.77001953125,3756.169921875,3695.030029296875,3696.6298828125,3696.6298828125,97100,30.20894330564998
2023-08-24,3711.5400390625,3748.860107421875,3701.570068359375,3723.429931640625,3723.429931640625,119600,34.39910579887035
2023-08-25,3703.510009765625,3730.7900390625,3697.27001953125,3730.7900390625,3730.7900390625,77900,35.54364347915197
2023-08-28,3911.550048828125,3911.550048828125,3740.530029296875,3752.6201171875,3752.6201171875,198000,38.94607761100886
2023-08-29,3743.050048828125,3810.3798828125,3742.080078125,3790.110107421875,3790.110107421875,152500,44.37642476448991
2023-08-30,3803.1201171875,3813.699951171875,3780.239990234375,3788.510009765625,3788.510009765625,129700,44.19574466338016
2023-08-31,3786.929931640625,3794.0,3762.0,3765.27001953125,3765.27001953125,119000,41.549683546621914
2023-09-01,3778.909912109375,3808.530029296875,3778.909912109375,3791.489990234375,3791.489990234375,105300,45.513293554709904
2023-09-04,3812.989990234375,3854.260009765625,3804.590087890625,3848.949951171875,3848.949951171875,142400,53.030221232870666
2023-09-05,3839.580078125,3839.580078125,3814.330078125,3820.320068359375,3820.320068359375,104100,49.37513961718774
2023-09-06,3808.10009765625,3817.52001953125,3790.889892578125,3812.030029296875,3812.030029296875,93400,48.33625262702584
2023-09-07,3802.22998046875,3802.22998046875,3756.85009765625,3758.469970703125,3758.469970703125,95100,42.16366238361674
2023-09-08,3747.64990234375,3753.260009765625,3724.989990234375,3739.989990234375,3739.989990234375,71600,40.253613465502134
2023-09-11,3740.580078125,3788.320068359375,3734.719970703125,3767.5400390625,3767.5400390625,105400,44.304341227818156
2023-09-12,3764.330078125,3775.090087890625,3755.419921875,3760.60009765625,3760.60009765625,79400,43.50419264600368
2023-09-13,3759.610107421875,3768.820068359375,3719.110107421875,3736.64990234375,3736.64990234375,81600,40.767793170165895
2023-09-14,3736.93994140625,3748.820068359375,3717.31005859375,3733.510009765625,3733.510009765625,100400,40.408940433724226
2023-09-15,3740.7900390625,3749.02001953125,3699.3798828125,3708.780029296875,3708.780029296875,109400,37.60157611926477
2023-09-18,3698.929931640625,3737.530029296875,3691.110107421875,3727.7099609375,3727.7099609375,86700,40.98159212855819
2023-09-19,3723.419921875,3724.070068359375,3702.68994140625,3720.5,3720.5,83200,40.0908360395561
2023-09-20,3715.9599609375,3718.52001953125,3705.1298828125,3705.68994140625,3705.68994140625,75400,38.25163774457805
2023-09-21,3698.31005859375,3708.4599609375,3672.43994140625,3672.43994140625,3672.43994140625,83000,34.43245066169028
2023-09-22,3672.639892578125,3740.419921875,3664.77001953125,3738.929931640625,3738.929931640625,110200,46.035636774246946
2023-09-25,3738.06005859375,3738.06005859375,3711.199951171875,3714.60009765625,3714.60009765625,92600,43.03458501563172
2023-09-26,3711.7099609375,3723.85009765625,3692.6201171875,3692.889892578125,3692.889892578125,78000,40.497599015905905
2023-09-27,3694.9599609375,3731.139892578125,3694.389892578125,3700.5,3700.5,91600,41.792950366939934
2023-09-28,3711.2099609375,3716.06005859375,3685.300048828125,3689.52001953125,3689.52001953125,85200,40.42552319572527
2023-10-09,3678.929931640625,3694.169921875,3642.0,3684.72998046875,3684.72998046875,102100,39.813519679162226
2023-10-10,3696.25,3701.260009765625,3655.590087890625,3657.1298828125,3657.1298828125,99200,36.39458152110867
2023-10-11,3674.75,3689.530029296875,3658.360107421875,3667.550048828125,3667.550048828125,102100,38.540429237648596
2023-10-12,3697.929931640625,3711.5,3682.840087890625,3702.3798828125,3702.3798828125,114400,45.195906883575304
2023-10-13,3677.9599609375,3678.18994140625,3652.31005859375,3663.409912109375,3663.409912109375,98300,39.97929851024321
2023-10-16,3664.0400390625,3664.0400390625,3615.77001953125,3626.60009765625,3626.60009765625,91900,35.778520437264376
2023-10-17,3635.300048828125,3645.570068359375,3619.1298828125,3639.39990234375,3639.39990234375,90700,38.2098197577594
2023-10-18,3631.070068359375,3632.06005859375,3608.97998046875,3610.580078125,3610.580078125,94500,34.997167725350565
2023-10-19,3588.52001953125,3588.52001953125,3532.31005859375,3533.5400390625,3533.5400390625,111700,28.177022166937775
2023-10-20,3518.35009765625,3535.659912109375,3501.72998046875,3510.590087890625,3510.590087890625,98500,26.51908080517279
2023-10-23,3500.199951171875,3505.35009765625,3450.64990234375,3474.239990234375,3474.239990234375,96600,24.100256940156342
2023-10-24,3481.760009765625,3495.0,3453.10009765625,3487.1298828125,3487.1298828125,115500,26.65498557602234
2023-10-25,3524.300048828125,3531.830078125,3500.919921875,3504.4599609375,3504.4599609375,128000,30.063343850081594
2023-10-26,3484.780029296875,3515.570068359375,3478.050048828125,3514.139892578125,3514.139892578125,105100,31.965134148400452
2023-10-27,3501.169921875,3576.590087890625,3494.550048828125,3562.389892578125,3562.389892578125,120200,40.63126548047108
2023-10-30,3554.110107421875,3592.719970703125,3554.02001953125,3583.77001953125,3583.77001953125,144000,44.03316976039966
2023-10-31,3581.679931640625,3581.679931640625,3554.580078125,3572.510009765625,3572.510009765625,112600,42.64715599536483
2023-11-01,3605.760009765625,3606.409912109375,3564.639892578125,3571.030029296875,3571.030029296875,97600,42.45798746120937
2023-11-02,3580.070068359375,3597.169921875,3553.739990234375,3554.18994140625,3554.18994140625,90400,40.269193849579544
2023-11-03,3558.530029296875,3596.10009765625,3558.530029296875,3584.139892578125,3584.139892578125,97500,45.63687004912783
2023-11-06,3608.320068359375,3635.7900390625,3600.6298828125,3632.610107421875,3632.610107421875,153000,52.99834140176609
2023-11-07,3623.780029296875,3628.4599609375,3606.300048828125,3619.760009765625,3619.760009765625,110300,51.02562492363257
2023-11-08,3610.639892578125,3627.050048828125,3591.820068359375,3611.070068359375,3611.070068359375,110600,49.67892846810441
2023-11-09,3603.110107421875,3624.409912109375,3601.3701171875,3612.830078125,3612.830078125,111900,49.96694757325878
2023-11-10,3596.070068359375,3599.449951171875,3576.10009765625,3586.489990234375,3586.489990234375,102100,45.74687718161122
2023-11-13,3593.909912109375,3599.389892578125,3562.77001953125,3579.409912109375,3579.409912109375,96700,44.65515044629771
2023-11-14,3581.10009765625,3600.14990234375,3568.8798828125,3582.06005859375,3582.06005859375,100900,45.182487550354715
2023-11-15,3616.8798828125,3620.60009765625,3596.919921875,3607.25,3607.25,104900,50.0538975488402
2023-11-16,3600.97998046875,3605.2900390625,3572.360107421875,3572.360107421875,3572.360107421875,87500,44.195598502281044
2023-11-17,3561.31005859375,3573.679931640625,3547.030029296875,3568.070068359375,3568.070068359375,87300,43.52110182222569
2023-11-20,3569.72998046875,3586.969970703125,3545.10009765625,3576.320068359375,3576.320068359375,91100,45.25151683166695
2023-11-21,3587.8798828125,3615.06005859375,3575.679931640625,3581.070068359375,3581.070068359375,108600,46.272191943819124
2023-11-22,3569.43994140625,3574.3798828125,3544.419921875,3544.419921875,3544.419921875,84800,40.0655915870438
2023-11-23,3541.43994140625,3562.070068359375,3529.93994140625,3561.52001953125,3561.52001953125,84800,43.84994309739771
2023-11-24,3560.64990234375,3560.64990234375,3534.0,3538.010009765625,3538.010009765625,85000,40.10099603195074
2023-11-27,3534.43994140625,3534.43994140625,3492.860107421875,3511.93994140625,3511.93994140625,99100,36.38607545078522
2023-11-28,3510.659912109375,3521.050048828125,3501.110107421875,3518.52001953125,3518.52001953125,89300,37.948574284266314
2023-11-29,3518.8798828125,3519.199951171875,3482.239990234375,3488.31005859375,3488.31005859375,98800,33.83906754725068
2023-11-30,3485.51708984375,3505.127197265625,3481.451416015625,3496.202880859375,3496.202880859375,1545147408,35.795332509660255
